"subid","goal","true_state","utterance"
"2","both","0","not_terrible"
"2","both","1","yes_good"
"2","both","2","yes_good"
"2","both","3","yes_amazing"
"2","social","0","yes_amazing"
"2","social","1","yes_amazing"
"2","social","2","yes_amazing"
"2","social","3","yes_amazing"
"2","informative","0","yes_terrible"
"2","informative","1","yes_bad"
"2","informative","2","yes_good"
"2","informative","3","yes_amazing"
"5","both","3","yes_amazing"
"5","both","1","not_terrible"
"5","both","2","yes_good"
"5","both","0","not_good"
"5","social","3","yes_good"
"5","social","1","yes_good"
"5","social","2","yes_good"
"5","social","0","not_terrible"
"5","informative","3","yes_amazing"
"5","informative","1","not_bad"
"5","informative","2","yes_good"
"5","informative","0","yes_terrible"
"11","informative","2","yes_good"
"11","informative","3","yes_amazing"
"11","informative","1","not_good"
"11","informative","0","yes_bad"
"11","social","2","yes_amazing"
"11","social","3","yes_amazing"
"11","social","1","yes_good"
"11","social","0","yes_good"
"11","both","2","yes_good"
"11","both","3","yes_amazing"
"11","both","1","not_bad"
"11","both","0","not_terrible"
"16","both","0","not_terrible"
"16","both","3","yes_amazing"
"16","both","1","not_bad"
"16","both","2","yes_good"
"16","social","0","yes_good"
"16","social","3","yes_amazing"
"16","social","1","yes_good"
"16","social","2","yes_amazing"
"16","informative","0","not_good"
"16","informative","3","yes_amazing"
"16","informative","1","not_bad"
"16","informative","2","yes_good"
"21","informative","3","yes_good"
"21","informative","1","not_good"
"21","informative","0","yes_terrible"
"21","informative","2","yes_good"
"21","social","3","yes_amazing"
"21","social","1","not_terrible"
"21","social","0","not_terrible"
"21","social","2","yes_good"
"21","both","3","yes_amazing"
"21","both","1","yes_bad"
"21","both","0","yes_terrible"
"21","both","2","yes_good"
"28","both","1","yes_good"
"28","both","0","yes_good"
"28","both","2","yes_good"
"28","both","3","yes_amazing"
"28","informative","1","yes_good"
"28","informative","0","yes_good"
"28","informative","2","yes_good"
"28","informative","3","yes_amazing"
"28","social","1","yes_good"
"28","social","0","yes_good"
"28","social","2","yes_good"
"28","social","3","yes_amazing"
"31","informative","2","yes_good"
"31","informative","0","yes_terrible"
"31","informative","3","yes_amazing"
"31","informative","1","yes_bad"
"31","social","2","yes_amazing"
"31","social","0","yes_good"
"31","social","3","yes_amazing"
"31","social","1","yes_good"
"31","both","2","yes_good"
"31","both","0","not_bad"
"31","both","3","yes_amazing"
"31","both","1","not_terrible"
"34","social","2","yes_good"
"34","social","3","yes_amazing"
"34","social","1","yes_bad"
"34","social","0","yes_terrible"
"34","both","2","yes_good"
"34","both","3","yes_amazing"
"34","both","1","not_good"
"34","both","0","yes_terrible"
"34","informative","2","yes_bad"
"34","informative","3","yes_amazing"
"34","informative","1","not_good"
"34","informative","0","yes_terrible"
"36","informative","1","not_amazing"
"36","informative","3","yes_amazing"
"36","informative","2","yes_good"
"36","informative","0","yes_terrible"
"36","both","1","not_good"
"36","both","3","yes_amazing"
"36","both","2","yes_good"
"36","both","0","not_amazing"
"36","social","1","yes_good"
"36","social","3","yes_amazing"
"36","social","2","yes_good"
"36","social","0","not_terrible"
"45","informative","1","yes_bad"
"45","informative","2","yes_good"
"45","informative","0","yes_terrible"
"45","informative","3","yes_amazing"
"45","social","1","not_good"
"45","social","2","yes_good"
"45","social","0","not_amazing"
"45","social","3","yes_amazing"
"45","both","1","not_terrible"
"45","both","2","yes_good"
"45","both","0","not_amazing"
"45","both","3","yes_amazing"
"47","social","1","yes_good"
"47","social","2","yes_amazing"
"47","social","3","yes_amazing"
"47","social","0","not_bad"
"47","both","1","not_terrible"
"47","both","2","yes_good"
"47","both","3","yes_amazing"
"47","both","0","not_terrible"
"47","informative","1","not_bad"
"47","informative","2","yes_good"
"47","informative","3","yes_amazing"
"47","informative","0","yes_terrible"
"48","informative","0","yes_good"
"48","informative","2","yes_good"
"48","informative","1","yes_bad"
"48","informative","3","yes_amazing"
"48","social","0","yes_amazing"
"48","social","2","yes_amazing"
"48","social","1","yes_good"
"48","social","3","yes_amazing"
"48","both","0","not_bad"
"48","both","2","yes_good"
"48","both","1","not_bad"
"48","both","3","yes_amazing"
"49","both","2","yes_amazing"
"49","both","1","not_bad"
"49","both","0","yes_bad"
"49","both","3","yes_amazing"
"49","informative","2","yes_good"
"49","informative","1","not_bad"
"49","informative","0","yes_terrible"
"49","informative","3","yes_amazing"
"49","social","2","yes_good"
"49","social","1","not_terrible"
"49","social","0","yes_terrible"
"49","social","3","yes_amazing"
"54","social","1","yes_amazing"
"54","social","2","yes_amazing"
"54","social","0","yes_amazing"
"54","social","3","yes_amazing"
"54","both","1","not_terrible"
"54","both","2","yes_good"
"54","both","0","yes_bad"
"54","both","3","yes_amazing"
"54","informative","1","yes_bad"
"54","informative","2","yes_good"
"54","informative","0","yes_terrible"
"54","informative","3","yes_amazing"
"55","both","1","not_amazing"
"55","both","3","yes_amazing"
"55","both","0","not_amazing"
"55","both","2","yes_good"
"55","informative","1","not_good"
"55","informative","3","yes_amazing"
"55","informative","0","yes_terrible"
"55","informative","2","yes_good"
"55","social","1","yes_good"
"55","social","3","yes_amazing"
"55","social","0","yes_good"
"55","social","2","yes_amazing"
"64","both","2","yes_good"
"64","both","3","yes_amazing"
"64","both","1","not_bad"
"64","both","0","not_terrible"
"64","informative","2","yes_good"
"64","informative","3","yes_amazing"
"64","informative","1","not_bad"
"64","informative","0","yes_bad"
"64","social","2","yes_good"
"64","social","3","yes_amazing"
"64","social","1","yes_bad"
"64","social","0","not_terrible"
"65","social","0","yes_good"
"65","social","3","yes_amazing"
"65","social","2","yes_good"
"65","social","1","not_amazing"
"65","informative","0","yes_bad"
"65","informative","3","yes_amazing"
"65","informative","2","yes_good"
"65","informative","1","not_terrible"
"65","both","0","not_terrible"
"65","both","3","yes_amazing"
"65","both","2","yes_good"
"65","both","1","not_bad"
"69","both","0","not_terrible"
"69","both","2","yes_good"
"69","both","3","yes_amazing"
"69","both","1","not_terrible"
"69","social","0","yes_good"
"69","social","2","yes_amazing"
"69","social","3","yes_amazing"
"69","social","1","yes_good"
"69","informative","0","yes_terrible"
"69","informative","2","yes_good"
"69","informative","3","yes_amazing"
"69","informative","1","not_terrible"
"72","informative","2","yes_good"
"72","informative","3","yes_amazing"
"72","informative","1","not_amazing"
"72","informative","0","yes_terrible"
"72","social","2","yes_good"
"72","social","3","yes_amazing"
"72","social","1","yes_good"
"72","social","0","not_terrible"
"72","both","2","yes_good"
"72","both","3","yes_amazing"
"72","both","1","not_amazing"
"72","both","0","not_amazing"
"74","social","2","yes_amazing"
"74","social","0","yes_good"
"74","social","1","yes_good"
"74","social","3","yes_amazing"
"74","informative","2","yes_amazing"
"74","informative","0","yes_terrible"
"74","informative","1","yes_bad"
"74","informative","3","yes_amazing"
"74","both","2","yes_good"
"74","both","0","yes_bad"
"74","both","1","yes_good"
"74","both","3","yes_amazing"
"75","informative","3","yes_amazing"
"75","informative","0","yes_terrible"
"75","informative","1","yes_bad"
"75","informative","2","yes_good"
"75","both","3","yes_amazing"
"75","both","0","not_bad"
"75","both","1","not_bad"
"75","both","2","yes_good"
"75","social","3","yes_amazing"
"75","social","0","not_bad"
"75","social","1","yes_good"
"75","social","2","yes_amazing"
"76","informative","3","yes_amazing"
"76","informative","2","yes_good"
"76","informative","0","yes_bad"
"76","informative","1","yes_bad"
"76","both","3","yes_amazing"
"76","both","2","yes_good"
"76","both","0","not_terrible"
"76","both","1","not_bad"
"76","social","3","yes_amazing"
"76","social","2","yes_amazing"
"76","social","0","yes_good"
"76","social","1","yes_good"
"84","informative","0","yes_bad"
"84","informative","1","not_terrible"
"84","informative","2","yes_good"
"84","informative","3","yes_amazing"
"84","both","0","not_good"
"84","both","1","not_terrible"
"84","both","2","yes_good"
"84","both","3","yes_amazing"
"84","social","0","yes_amazing"
"84","social","1","yes_amazing"
"84","social","2","yes_amazing"
"84","social","3","yes_amazing"
"89","informative","1","not_good"
"89","informative","3","yes_amazing"
"89","informative","0","not_bad"
"89","informative","2","yes_good"
"89","both","1","yes_good"
"89","both","3","yes_amazing"
"89","both","0","not_bad"
"89","both","2","yes_good"
"89","social","1","yes_amazing"
"89","social","3","yes_amazing"
"89","social","0","not_bad"
"89","social","2","yes_amazing"
"102","both","2","yes_good"
"102","both","1","not_bad"
"102","both","3","yes_amazing"
"102","both","0","not_terrible"
"102","social","2","yes_amazing"
"102","social","1","yes_amazing"
"102","social","3","yes_amazing"
"102","social","0","yes_good"
"102","informative","2","yes_good"
"102","informative","1","yes_bad"
"102","informative","3","yes_amazing"
"102","informative","0","yes_terrible"
"105","both","2","yes_good"
"105","both","3","not_bad"
"105","both","0","not_amazing"
"105","both","1","not_terrible"
"105","social","2","yes_amazing"
"105","social","3","yes_good"
"105","social","0","yes_good"
"105","social","1","yes_good"
"105","informative","2","not_terrible"
"105","informative","3","yes_amazing"
"105","informative","0","yes_terrible"
"105","informative","1","yes_bad"
"106","social","0","yes_good"
"106","social","2","yes_amazing"
"106","social","3","yes_amazing"
"106","social","1","yes_good"
"106","informative","0","yes_terrible"
"106","informative","2","yes_good"
"106","informative","3","yes_amazing"
"106","informative","1","not_bad"
"106","both","0","not_terrible"
"106","both","2","yes_good"
"106","both","3","yes_amazing"
"106","both","1","yes_good"
"107","both","2","yes_good"
"107","both","1","yes_good"
"107","both","3","yes_amazing"
"107","both","0","not_bad"
"107","social","2","yes_amazing"
"107","social","1","not_bad"
"107","social","3","yes_amazing"
"107","social","0","not_terrible"
"107","informative","2","yes_good"
"107","informative","1","not_good"
"107","informative","3","yes_amazing"
"107","informative","0","yes_terrible"
"108","social","2","yes_good"
"108","social","0","not_good"
"108","social","3","yes_amazing"
"108","social","1","yes_good"
"108","both","2","yes_good"
"108","both","0","yes_terrible"
"108","both","3","yes_good"
"108","both","1","yes_good"
"108","informative","2","yes_good"
"108","informative","0","not_good"
"108","informative","3","yes_good"
"108","informative","1","not_bad"
"115","social","1","yes_good"
"115","social","2","yes_good"
"115","social","3","yes_amazing"
"115","social","0","not_bad"
"115","both","1","not_bad"
"115","both","2","yes_good"
"115","both","3","yes_amazing"
"115","both","0","not_terrible"
"115","informative","1","yes_bad"
"115","informative","2","yes_good"
"115","informative","3","yes_amazing"
"115","informative","0","yes_bad"
"117","social","0","yes_good"
"117","social","1","yes_good"
"117","social","2","yes_good"
"117","social","3","yes_amazing"
"117","both","0","not_good"
"117","both","1","not_good"
"117","both","2","yes_good"
"117","both","3","yes_amazing"
"117","informative","0","yes_terrible"
"117","informative","1","yes_bad"
"117","informative","2","yes_good"
"117","informative","3","yes_amazing"
"127","social","0","yes_good"
"127","social","2","yes_amazing"
"127","social","1","yes_good"
"127","social","3","yes_amazing"
"127","informative","0","not_good"
"127","informative","2","yes_good"
"127","informative","1","not_amazing"
"127","informative","3","yes_amazing"
"127","both","0","not_good"
"127","both","2","yes_good"
"127","both","1","not_terrible"
"127","both","3","yes_amazing"
"128","informative","0","not_good"
"128","informative","2","yes_good"
"128","informative","1","not_good"
"128","informative","3","yes_amazing"
"128","social","0","yes_terrible"
"128","social","2","yes_good"
"128","social","1","yes_bad"
"128","social","3","yes_amazing"
"128","both","0","yes_terrible"
"128","both","2","yes_good"
"128","both","1","not_good"
"128","both","3","yes_amazing"
"130","social","2","yes_good"
"130","social","0","yes_good"
"130","social","1","yes_good"
"130","social","3","yes_amazing"
"130","both","2","yes_amazing"
"130","both","0","not_bad"
"130","both","1","not_bad"
"130","both","3","yes_amazing"
"130","informative","2","yes_good"
"130","informative","0","yes_terrible"
"130","informative","1","yes_bad"
"130","informative","3","yes_amazing"
"140","social","3","yes_amazing"
"140","social","0","yes_good"
"140","social","2","yes_good"
"140","social","1","yes_good"
"140","both","3","yes_amazing"
"140","both","0","yes_good"
"140","both","2","yes_good"
"140","both","1","yes_good"
"140","informative","3","yes_amazing"
"140","informative","0","yes_good"
"140","informative","2","not_bad"
"140","informative","1","not_bad"
"142","both","3","yes_amazing"
"142","both","1","yes_bad"
"142","both","2","not_amazing"
"142","both","0","yes_terrible"
"142","social","3","yes_amazing"
"142","social","1","not_terrible"
"142","social","2","yes_good"
"142","social","0","not_amazing"
"142","informative","3","yes_amazing"
"142","informative","1","not_terrible"
"142","informative","2","yes_good"
"142","informative","0","yes_terrible"
"143","informative","3","yes_amazing"
"143","informative","2","yes_good"
"143","informative","1","yes_bad"
"143","informative","0","yes_terrible"
"143","both","3","yes_amazing"
"143","both","2","yes_good"
"143","both","1","not_terrible"
"143","both","0","not_terrible"
"143","social","3","yes_amazing"
"143","social","2","yes_amazing"
"143","social","1","yes_good"
"143","social","0","not_bad"
"153","both","3","yes_amazing"
"153","both","2","yes_good"
"153","both","0","not_bad"
"153","both","1","not_terrible"
"153","social","3","yes_amazing"
"153","social","2","yes_good"
"153","social","0","not_terrible"
"153","social","1","yes_good"
"153","informative","3","yes_amazing"
"153","informative","2","yes_good"
"153","informative","0","yes_terrible"
"153","informative","1","not_bad"
"155","social","2","yes_good"
"155","social","3","yes_amazing"
"155","social","0","not_terrible"
"155","social","1","yes_good"
"155","informative","2","yes_good"
"155","informative","3","yes_amazing"
"155","informative","0","yes_terrible"
"155","informative","1","yes_bad"
"155","both","2","yes_good"
"155","both","3","yes_amazing"
"155","both","0","not_amazing"
"155","both","1","not_terrible"
"162","social","3","yes_amazing"
"162","social","1","not_bad"
"162","social","2","yes_good"
"162","social","0","not_terrible"
"162","informative","3","yes_amazing"
"162","informative","1","yes_bad"
"162","informative","2","yes_good"
"162","informative","0","yes_terrible"
"162","both","3","yes_amazing"
"162","both","1","not_terrible"
"162","both","2","yes_good"
"162","both","0","yes_bad"
"163","social","3","yes_amazing"
"163","social","2","yes_amazing"
"163","social","1","yes_amazing"
"163","social","0","yes_amazing"
"163","both","3","yes_amazing"
"163","both","2","yes_good"
"163","both","1","yes_good"
"163","both","0","not_good"
"163","informative","3","yes_amazing"
"163","informative","2","yes_good"
"163","informative","1","not_bad"
"163","informative","0","yes_bad"
"166","informative","2","not_bad"
"166","informative","0","yes_terrible"
"166","informative","1","yes_bad"
"166","informative","3","yes_amazing"
"166","both","2","yes_good"
"166","both","0","not_amazing"
"166","both","1","not_terrible"
"166","both","3","yes_amazing"
"166","social","2","yes_good"
"166","social","0","yes_good"
"166","social","1","yes_good"
"166","social","3","yes_amazing"
"167","social","3","not_bad"
"167","social","1","not_terrible"
"167","social","0","yes_bad"
"167","social","2","yes_good"
"167","informative","3","yes_amazing"
"167","informative","1","yes_good"
"167","informative","0","yes_bad"
"167","informative","2","yes_good"
"167","both","3","yes_amazing"
"167","both","1","yes_good"
"167","both","0","not_terrible"
"167","both","2","yes_good"
"176","both","3","yes_amazing"
"176","both","2","yes_good"
"176","both","1","not_bad"
"176","both","0","not_terrible"
"176","informative","3","yes_amazing"
"176","informative","2","yes_good"
"176","informative","1","not_bad"
"176","informative","0","not_terrible"
"176","social","3","yes_amazing"
"176","social","2","yes_good"
"176","social","1","not_bad"
"176","social","0","yes_good"
"178","both","3","yes_amazing"
"178","both","2","yes_good"
"178","both","0","not_terrible"
"178","both","1","not_bad"
"178","social","3","yes_amazing"
"178","social","2","yes_good"
"178","social","0","not_terrible"
"178","social","1","not_bad"
"178","informative","3","yes_amazing"
"178","informative","2","yes_good"
"178","informative","0","yes_terrible"
"178","informative","1","yes_bad"
"182","informative","1","not_good"
"182","informative","2","yes_good"
"182","informative","3","yes_amazing"
"182","informative","0","not_good"
"182","social","1","not_bad"
"182","social","2","yes_good"
"182","social","3","yes_amazing"
"182","social","0","not_terrible"
"182","both","1","not_bad"
"182","both","2","yes_good"
"182","both","3","yes_amazing"
"182","both","0","not_terrible"
"185","informative","3","yes_amazing"
"185","informative","0","yes_terrible"
"185","informative","2","yes_good"
"185","informative","1","yes_bad"
"185","social","3","yes_amazing"
"185","social","0","yes_terrible"
"185","social","2","yes_good"
"185","social","1","yes_bad"
"185","both","3","yes_amazing"
"185","both","0","not_good"
"185","both","2","yes_good"
"185","both","1","yes_bad"
"186","informative","0","not_good"
"186","informative","3","yes_good"
"186","informative","1","not_good"
"186","informative","2","yes_good"
"186","both","0","not_terrible"
"186","both","3","yes_amazing"
"186","both","1","not_bad"
"186","both","2","yes_good"
"186","social","0","not_bad"
"186","social","3","yes_amazing"
"186","social","1","yes_good"
"186","social","2","yes_good"
"191","social","0","yes_amazing"
"191","social","2","yes_amazing"
"191","social","1","yes_good"
"191","social","3","yes_good"
"191","informative","0","yes_amazing"
"191","informative","2","yes_good"
"191","informative","1","not_good"
"191","informative","3","yes_amazing"
"191","both","0","not_terrible"
"191","both","2","yes_good"
"191","both","1","yes_good"
"191","both","3","yes_good"
"194","both","2","yes_good"
"194","both","1","not_terrible"
"194","both","0","not_terrible"
"194","both","3","yes_amazing"
"194","social","2","yes_good"
"194","social","1","not_bad"
"194","social","0","not_terrible"
"194","social","3","yes_amazing"
"194","informative","2","yes_good"
"194","informative","1","yes_bad"
"194","informative","0","yes_terrible"
"194","informative","3","yes_amazing"
"199","both","2","yes_good"
"199","both","3","yes_amazing"
"199","both","1","not_good"
"199","both","0","yes_terrible"
"199","social","2","yes_good"
"199","social","3","yes_amazing"
"199","social","1","not_good"
"199","social","0","yes_terrible"
"199","informative","2","yes_good"
"199","informative","3","yes_amazing"
"199","informative","1","not_good"
"199","informative","0","yes_terrible"
"202","both","2","yes_good"
"202","both","1","not_bad"
"202","both","3","yes_amazing"
"202","both","0","not_terrible"
"202","informative","2","yes_good"
"202","informative","1","not_terrible"
"202","informative","3","yes_amazing"
"202","informative","0","yes_terrible"
"202","social","2","yes_amazing"
"202","social","1","yes_good"
"202","social","3","yes_amazing"
"202","social","0","yes_good"
"8","social","3","yes_amazing"
"8","social","0","not_terrible"
"8","social","1","yes_good"
"8","social","2","yes_good"
"8","both","3","yes_amazing"
"8","both","0","yes_bad"
"8","both","1","not_terrible"
"8","both","2","yes_good"
"8","informative","3","yes_amazing"
"8","informative","0","yes_bad"
"8","informative","1","not_terrible"
"8","informative","2","yes_good"
"12","both","1","not_terrible"
"12","both","0","not_terrible"
"12","both","3","yes_amazing"
"12","both","2","yes_good"
"12","social","1","not_terrible"
"12","social","0","yes_amazing"
"12","social","3","yes_amazing"
"12","social","2","yes_amazing"
"12","informative","1","yes_bad"
"12","informative","0","yes_terrible"
"12","informative","3","yes_amazing"
"12","informative","2","yes_good"
"14","informative","1","not_good"
"14","informative","2","yes_good"
"14","informative","3","yes_amazing"
"14","informative","0","not_terrible"
"14","social","1","not_bad"
"14","social","2","yes_good"
"14","social","3","yes_amazing"
"14","social","0","not_bad"
"14","both","1","not_terrible"
"14","both","2","yes_good"
"14","both","3","yes_amazing"
"14","both","0","not_terrible"
"15","social","3","yes_good"
"15","social","2","yes_amazing"
"15","social","1","yes_good"
"15","social","0","not_bad"
"15","both","3","yes_amazing"
"15","both","2","yes_good"
"15","both","1","not_bad"
"15","both","0","not_bad"
"15","informative","3","yes_amazing"
"15","informative","2","yes_good"
"15","informative","1","not_bad"
"15","informative","0","yes_bad"
"22","social","3","yes_amazing"
"22","social","0","yes_good"
"22","social","1","not_terrible"
"22","social","2","yes_good"
"22","informative","3","yes_amazing"
"22","informative","0","yes_terrible"
"22","informative","1","not_terrible"
"22","informative","2","not_bad"
"22","both","3","yes_amazing"
"22","both","0","not_terrible"
"22","both","1","not_bad"
"22","both","2","yes_good"
"37","social","3","yes_amazing"
"37","social","2","yes_amazing"
"37","social","0","yes_good"
"37","social","1","yes_good"
"37","both","3","yes_amazing"
"37","both","2","yes_good"
"37","both","0","not_terrible"
"37","both","1","yes_good"
"37","informative","3","yes_amazing"
"37","informative","2","yes_good"
"37","informative","0","yes_terrible"
"37","informative","1","not_bad"
"39","both","3","yes_amazing"
"39","both","0","not_amazing"
"39","both","2","yes_good"
"39","both","1","not_terrible"
"39","social","3","yes_amazing"
"39","social","0","yes_amazing"
"39","social","2","yes_amazing"
"39","social","1","yes_amazing"
"39","informative","3","yes_good"
"39","informative","0","yes_terrible"
"39","informative","2","yes_good"
"39","informative","1","yes_bad"
"43","social","0","yes_good"
"43","social","1","yes_good"
"43","social","3","yes_amazing"
"43","social","2","yes_good"
"43","informative","0","yes_terrible"
"43","informative","1","yes_bad"
"43","informative","3","yes_amazing"
"43","informative","2","yes_good"
"43","both","0","yes_bad"
"43","both","1","not_terrible"
"43","both","3","yes_amazing"
"43","both","2","yes_good"
"46","informative","0","yes_bad"
"46","informative","2","yes_good"
"46","informative","1","yes_bad"
"46","informative","3","yes_amazing"
"46","social","0","not_bad"
"46","social","2","yes_amazing"
"46","social","1","not_bad"
"46","social","3","yes_amazing"
"46","both","0","not_terrible"
"46","both","2","yes_good"
"46","both","1","not_terrible"
"46","both","3","yes_amazing"
"52","informative","3","yes_amazing"
"52","informative","0","not_good"
"52","informative","1","yes_bad"
"52","informative","2","yes_good"
"52","both","3","yes_amazing"
"52","both","0","yes_terrible"
"52","both","1","yes_bad"
"52","both","2","yes_good"
"52","social","3","yes_amazing"
"52","social","0","yes_terrible"
"52","social","1","yes_bad"
"52","social","2","yes_good"
"53","both","0","not_bad"
"53","both","1","not_bad"
"53","both","3","yes_amazing"
"53","both","2","yes_good"
"53","informative","0","yes_terrible"
"53","informative","1","yes_bad"
"53","informative","3","yes_amazing"
"53","informative","2","yes_good"
"53","social","0","yes_amazing"
"53","social","1","yes_amazing"
"53","social","3","yes_amazing"
"53","social","2","yes_amazing"
"62","social","0","yes_good"
"62","social","3","yes_amazing"
"62","social","1","yes_good"
"62","social","2","yes_good"
"62","informative","0","not_good"
"62","informative","3","yes_amazing"
"62","informative","1","not_good"
"62","informative","2","yes_good"
"62","both","0","yes_terrible"
"62","both","3","yes_amazing"
"62","both","1","not_bad"
"62","both","2","yes_good"
"63","social","3","yes_amazing"
"63","social","0","yes_good"
"63","social","1","yes_good"
"63","social","2","yes_amazing"
"63","both","3","yes_amazing"
"63","both","0","not_terrible"
"63","both","1","not_bad"
"63","both","2","yes_good"
"63","informative","3","yes_amazing"
"63","informative","0","yes_terrible"
"63","informative","1","yes_bad"
"63","informative","2","yes_good"
"68","both","1","yes_good"
"68","both","2","yes_good"
"68","both","3","yes_amazing"
"68","both","0","not_terrible"
"68","social","1","yes_good"
"68","social","2","yes_amazing"
"68","social","3","yes_amazing"
"68","social","0","yes_good"
"68","informative","1","not_terrible"
"68","informative","2","yes_good"
"68","informative","3","yes_amazing"
"68","informative","0","not_terrible"
"70","informative","0","yes_terrible"
"70","informative","2","yes_good"
"70","informative","1","yes_bad"
"70","informative","3","yes_amazing"
"70","both","0","not_amazing"
"70","both","2","yes_good"
"70","both","1","not_amazing"
"70","both","3","yes_amazing"
"70","social","0","not_good"
"70","social","2","yes_amazing"
"70","social","1","yes_good"
"70","social","3","yes_amazing"
"81","informative","1","yes_good"
"81","informative","0","not_bad"
"81","informative","2","yes_good"
"81","informative","3","yes_amazing"
"81","social","1","yes_good"
"81","social","0","yes_good"
"81","social","2","yes_amazing"
"81","social","3","yes_good"
"81","both","1","not_bad"
"81","both","0","not_good"
"81","both","2","yes_good"
"81","both","3","yes_amazing"
"87","social","2","yes_amazing"
"87","social","3","yes_amazing"
"87","social","0","yes_good"
"87","social","1","yes_good"
"87","informative","2","yes_amazing"
"87","informative","3","not_bad"
"87","informative","0","yes_bad"
"87","informative","1","yes_bad"
"87","both","2","not_bad"
"87","both","3","yes_good"
"87","both","0","yes_good"
"87","both","1","yes_good"
"95","social","2","yes_amazing"
"95","social","1","not_bad"
"95","social","0","not_terrible"
"95","social","3","yes_amazing"
"95","both","2","yes_good"
"95","both","1","not_bad"
"95","both","0","not_terrible"
"95","both","3","yes_amazing"
"95","informative","2","yes_good"
"95","informative","1","not_bad"
"95","informative","0","not_terrible"
"95","informative","3","yes_amazing"
"100","informative","3","yes_good"
"100","informative","0","not_good"
"100","informative","2","yes_good"
"100","informative","1","not_bad"
"100","social","3","yes_amazing"
"100","social","0","yes_terrible"
"100","social","2","yes_good"
"100","social","1","not_bad"
"100","both","3","yes_amazing"
"100","both","0","not_good"
"100","both","2","yes_good"
"100","both","1","not_bad"
"104","social","2","yes_amazing"
"104","social","1","yes_amazing"
"104","social","3","yes_amazing"
"104","social","0","yes_amazing"
"104","both","2","yes_amazing"
"104","both","1","yes_amazing"
"104","both","3","yes_amazing"
"104","both","0","yes_amazing"
"104","informative","2","yes_good"
"104","informative","1","not_terrible"
"104","informative","3","yes_amazing"
"104","informative","0","not_good"
"120","informative","1","yes_bad"
"120","informative","0","yes_terrible"
"120","informative","2","yes_good"
"120","informative","3","yes_amazing"
"120","both","1","not_terrible"
"120","both","0","not_terrible"
"120","both","2","yes_good"
"120","both","3","yes_amazing"
"120","social","1","yes_amazing"
"120","social","0","yes_amazing"
"120","social","2","yes_amazing"
"120","social","3","yes_amazing"
"121","social","0","not_bad"
"121","social","3","yes_amazing"
"121","social","2","yes_good"
"121","social","1","not_bad"
"121","both","0","not_terrible"
"121","both","3","yes_amazing"
"121","both","2","yes_good"
"121","both","1","not_amazing"
"121","informative","0","yes_bad"
"121","informative","3","yes_amazing"
"121","informative","2","yes_good"
"121","informative","1","not_good"
"123","informative","3","yes_amazing"
"123","informative","1","yes_good"
"123","informative","0","yes_terrible"
"123","informative","2","yes_good"
"123","both","3","yes_amazing"
"123","both","1","not_terrible"
"123","both","0","yes_terrible"
"123","both","2","yes_good"
"123","social","3","yes_amazing"
"123","social","1","not_amazing"
"123","social","0","yes_terrible"
"123","social","2","yes_good"
"126","both","3","yes_amazing"
"126","both","1","yes_good"
"126","both","2","yes_good"
"126","both","0","not_bad"
"126","social","3","yes_amazing"
"126","social","1","not_bad"
"126","social","2","yes_amazing"
"126","social","0","yes_amazing"
"126","informative","3","yes_amazing"
"126","informative","1","not_good"
"126","informative","2","yes_good"
"126","informative","0","yes_terrible"
"132","both","3","yes_amazing"
"132","both","1","not_amazing"
"132","both","0","not_terrible"
"132","both","2","yes_good"
"132","social","3","yes_amazing"
"132","social","1","not_bad"
"132","social","0","yes_good"
"132","social","2","yes_amazing"
"132","informative","3","yes_amazing"
"132","informative","1","yes_bad"
"132","informative","0","yes_terrible"
"132","informative","2","yes_good"
"136","both","3","yes_amazing"
"136","both","2","yes_good"
"136","both","0","not_terrible"
"136","both","1","not_terrible"
"136","social","3","yes_amazing"
"136","social","2","yes_good"
"136","social","0","not_terrible"
"136","social","1","not_terrible"
"136","informative","3","yes_amazing"
"136","informative","2","yes_good"
"136","informative","0","yes_bad"
"136","informative","1","not_terrible"
"139","informative","1","not_good"
"139","informative","2","yes_good"
"139","informative","0","yes_terrible"
"139","informative","3","yes_amazing"
"139","social","1","yes_bad"
"139","social","2","yes_good"
"139","social","0","not_terrible"
"139","social","3","yes_amazing"
"139","both","1","not_terrible"
"139","both","2","yes_good"
"139","both","0","not_terrible"
"139","both","3","yes_amazing"
"147","both","3","yes_amazing"
"147","both","2","yes_good"
"147","both","0","not_terrible"
"147","both","1","not_bad"
"147","informative","3","yes_amazing"
"147","informative","2","yes_good"
"147","informative","0","yes_terrible"
"147","informative","1","not_good"
"147","social","3","yes_amazing"
"147","social","2","yes_amazing"
"147","social","0","yes_amazing"
"147","social","1","yes_amazing"
"151","both","2","yes_good"
"151","both","1","not_terrible"
"151","both","0","not_amazing"
"151","both","3","yes_amazing"
"151","informative","2","yes_good"
"151","informative","1","not_good"
"151","informative","0","yes_terrible"
"151","informative","3","yes_amazing"
"151","social","2","yes_good"
"151","social","1","not_terrible"
"151","social","0","not_good"
"151","social","3","yes_amazing"
"152","social","3","yes_amazing"
"152","social","1","yes_amazing"
"152","social","2","yes_amazing"
"152","social","0","yes_amazing"
"152","informative","3","yes_amazing"
"152","informative","1","not_terrible"
"152","informative","2","yes_good"
"152","informative","0","yes_bad"
"152","both","3","yes_amazing"
"152","both","1","not_bad"
"152","both","2","yes_good"
"152","both","0","not_terrible"
"159","informative","3","yes_amazing"
"159","informative","2","yes_good"
"159","informative","1","yes_bad"
"159","informative","0","yes_terrible"
"159","both","3","yes_amazing"
"159","both","2","yes_amazing"
"159","both","1","yes_good"
"159","both","0","yes_bad"
"159","social","3","yes_amazing"
"159","social","2","yes_amazing"
"159","social","1","yes_good"
"159","social","0","yes_good"
"160","informative","3","yes_amazing"
"160","informative","2","yes_good"
"160","informative","0","yes_terrible"
"160","informative","1","yes_bad"
"160","both","3","yes_amazing"
"160","both","2","yes_good"
"160","both","0","not_bad"
"160","both","1","not_terrible"
"160","social","3","yes_amazing"
"160","social","2","yes_amazing"
"160","social","0","not_terrible"
"160","social","1","not_bad"
"164","informative","2","not_bad"
"164","informative","0","yes_terrible"
"164","informative","3","yes_amazing"
"164","informative","1","yes_bad"
"164","social","2","yes_good"
"164","social","0","yes_terrible"
"164","social","3","yes_amazing"
"164","social","1","yes_bad"
"164","both","2","not_bad"
"164","both","0","yes_terrible"
"164","both","3","yes_amazing"
"164","both","1","yes_bad"
"171","social","1","yes_amazing"
"171","social","0","yes_amazing"
"171","social","2","yes_amazing"
"171","social","3","yes_amazing"
"171","informative","1","not_good"
"171","informative","0","yes_terrible"
"171","informative","2","not_bad"
"171","informative","3","yes_amazing"
"171","both","1","not_terrible"
"171","both","0","not_good"
"171","both","2","yes_good"
"171","both","3","yes_amazing"
"173","both","2","yes_good"
"173","both","0","not_bad"
"173","both","1","not_bad"
"173","both","3","yes_amazing"
"173","social","2","yes_good"
"173","social","0","not_terrible"
"173","social","1","yes_amazing"
"173","social","3","yes_amazing"
"173","informative","2","yes_good"
"173","informative","0","not_terrible"
"173","informative","1","not_bad"
"173","informative","3","yes_amazing"
"177","social","1","yes_good"
"177","social","0","yes_good"
"177","social","3","yes_amazing"
"177","social","2","yes_amazing"
"177","both","1","not_bad"
"177","both","0","not_terrible"
"177","both","3","yes_amazing"
"177","both","2","yes_amazing"
"177","informative","1","yes_bad"
"177","informative","0","yes_terrible"
"177","informative","3","yes_amazing"
"177","informative","2","yes_good"
"179","informative","3","yes_good"
"179","informative","2","yes_good"
"179","informative","1","not_amazing"
"179","informative","0","yes_bad"
"179","both","3","yes_amazing"
"179","both","2","yes_good"
"179","both","1","not_amazing"
"179","both","0","yes_terrible"
"179","social","3","yes_amazing"
"179","social","2","yes_good"
"179","social","1","yes_good"
"179","social","0","not_bad"
"183","both","2","yes_good"
"183","both","3","yes_amazing"
"183","both","0","not_good"
"183","both","1","not_terrible"
"183","informative","2","yes_good"
"183","informative","3","yes_amazing"
"183","informative","0","yes_terrible"
"183","informative","1","not_terrible"
"183","social","2","yes_good"
"183","social","3","yes_amazing"
"183","social","0","yes_terrible"
"183","social","1","not_terrible"
"184","informative","1","not_bad"
"184","informative","3","yes_amazing"
"184","informative","2","yes_good"
"184","informative","0","yes_terrible"
"184","social","1","not_bad"
"184","social","3","yes_amazing"
"184","social","2","yes_good"
"184","social","0","not_amazing"
"184","both","1","not_terrible"
"184","both","3","yes_amazing"
"184","both","2","yes_good"
"184","both","0","not_bad"
"190","social","0","yes_good"
"190","social","2","yes_amazing"
"190","social","3","yes_amazing"
"190","social","1","yes_good"
"190","informative","0","yes_bad"
"190","informative","2","yes_good"
"190","informative","3","yes_amazing"
"190","informative","1","not_good"
"190","both","0","not_good"
"190","both","2","yes_good"
"190","both","3","yes_amazing"
"190","both","1","not_terrible"
"196","social","1","yes_good"
"196","social","0","yes_good"
"196","social","2","yes_good"
"196","social","3","yes_amazing"
"196","both","1","not_bad"
"196","both","0","not_terrible"
"196","both","2","yes_good"
"196","both","3","yes_amazing"
"196","informative","1","not_bad"
"196","informative","0","yes_terrible"
"196","informative","2","yes_good"
"196","informative","3","yes_amazing"
"197","both","2","yes_good"
"197","both","3","yes_amazing"
"197","both","0","not_terrible"
"197","both","1","not_bad"
"197","social","2","yes_good"
"197","social","3","yes_amazing"
"197","social","0","not_terrible"
"197","social","1","not_amazing"
"197","informative","2","yes_good"
"197","informative","3","yes_amazing"
"197","informative","0","yes_bad"
"197","informative","1","not_bad"
"198","social","3","yes_amazing"
"198","social","2","yes_good"
"198","social","0","not_good"
"198","social","1","yes_bad"
"198","informative","3","yes_amazing"
"198","informative","2","yes_good"
"198","informative","0","yes_terrible"
"198","informative","1","not_terrible"
"198","both","3","yes_amazing"
"198","both","2","yes_good"
"198","both","0","yes_bad"
"198","both","1","not_terrible"
"200","both","0","not_terrible"
"200","both","1","not_bad"
"200","both","2","yes_good"
"200","both","3","yes_amazing"
"200","informative","0","not_terrible"
"200","informative","1","not_bad"
"200","informative","2","yes_good"
"200","informative","3","yes_amazing"
"200","social","0","not_terrible"
"200","social","1","not_bad"
"200","social","2","yes_good"
"200","social","3","yes_amazing"
"7","informative","1","not_bad"
"7","informative","3","yes_amazing"
"7","informative","0","not_terrible"
"7","informative","2","yes_good"
"7","both","1","yes_good"
"7","both","3","yes_amazing"
"7","both","0","not_terrible"
"7","both","2","yes_good"
"7","social","1","not_bad"
"7","social","3","yes_amazing"
"7","social","0","not_terrible"
"7","social","2","yes_good"
"9","both","3","yes_amazing"
"9","both","2","yes_good"
"9","both","1","yes_bad"
"9","both","0","not_amazing"
"9","informative","3","yes_amazing"
"9","informative","2","yes_good"
"9","informative","1","yes_terrible"
"9","informative","0","yes_terrible"
"9","social","3","yes_amazing"
"9","social","2","yes_good"
"9","social","1","not_bad"
"9","social","0","not_terrible"
"13","both","2","yes_good"
"13","both","1","not_bad"
"13","both","3","yes_amazing"
"13","both","0","not_bad"
"13","informative","2","yes_good"
"13","informative","1","not_bad"
"13","informative","3","yes_amazing"
"13","informative","0","not_good"
"13","social","2","yes_amazing"
"13","social","1","yes_good"
"13","social","3","yes_amazing"
"13","social","0","yes_good"
"18","both","2","yes_good"
"18","both","0","not_bad"
"18","both","1","not_bad"
"18","both","3","yes_amazing"
"18","informative","2","yes_good"
"18","informative","0","not_terrible"
"18","informative","1","not_bad"
"18","informative","3","yes_amazing"
"18","social","2","yes_good"
"18","social","0","yes_good"
"18","social","1","yes_good"
"18","social","3","yes_amazing"
"19","both","0","not_good"
"19","both","1","yes_bad"
"19","both","3","yes_amazing"
"19","both","2","yes_good"
"19","social","0","yes_terrible"
"19","social","1","yes_bad"
"19","social","3","yes_amazing"
"19","social","2","yes_good"
"19","informative","0","yes_terrible"
"19","informative","1","yes_bad"
"19","informative","3","yes_amazing"
"19","informative","2","yes_good"
"20","social","0","not_good"
"20","social","1","not_terrible"
"20","social","2","yes_good"
"20","social","3","yes_good"
"20","both","0","yes_terrible"
"20","both","1","not_terrible"
"20","both","2","yes_good"
"20","both","3","yes_amazing"
"20","informative","0","yes_terrible"
"20","informative","1","yes_bad"
"20","informative","2","yes_good"
"20","informative","3","yes_good"
"24","social","3","yes_amazing"
"24","social","1","not_terrible"
"24","social","0","not_terrible"
"24","social","2","yes_amazing"
"24","both","3","yes_amazing"
"24","both","1","yes_bad"
"24","both","0","yes_terrible"
"24","both","2","yes_good"
"24","informative","3","yes_amazing"
"24","informative","1","yes_bad"
"24","informative","0","yes_terrible"
"24","informative","2","yes_good"
"25","social","2","yes_amazing"
"25","social","3","yes_amazing"
"25","social","1","yes_amazing"
"25","social","0","yes_good"
"25","both","2","yes_good"
"25","both","3","yes_amazing"
"25","both","1","not_bad"
"25","both","0","not_terrible"
"25","informative","2","yes_good"
"25","informative","3","yes_amazing"
"25","informative","1","not_bad"
"25","informative","0","yes_bad"
"27","both","0","not_terrible"
"27","both","1","not_terrible"
"27","both","2","yes_good"
"27","both","3","yes_amazing"
"27","social","0","yes_bad"
"27","social","1","yes_good"
"27","social","2","yes_amazing"
"27","social","3","yes_amazing"
"27","informative","0","not_terrible"
"27","informative","1","yes_bad"
"27","informative","2","yes_good"
"27","informative","3","yes_amazing"
"32","both","2","yes_good"
"32","both","3","yes_good"
"32","both","1","not_good"
"32","both","0","yes_terrible"
"32","social","2","yes_good"
"32","social","3","yes_amazing"
"32","social","1","not_good"
"32","social","0","yes_terrible"
"32","informative","2","yes_good"
"32","informative","3","yes_amazing"
"32","informative","1","not_good"
"32","informative","0","yes_terrible"
"33","social","1","yes_good"
"33","social","0","yes_good"
"33","social","2","yes_amazing"
"33","social","3","yes_amazing"
"33","both","1","not_bad"
"33","both","0","not_bad"
"33","both","2","yes_good"
"33","both","3","yes_amazing"
"33","informative","1","not_terrible"
"33","informative","0","yes_bad"
"33","informative","2","yes_good"
"33","informative","3","yes_amazing"
"38","both","0","not_amazing"
"38","both","1","not_terrible"
"38","both","2","yes_good"
"38","both","3","yes_amazing"
"38","social","0","yes_good"
"38","social","1","yes_good"
"38","social","2","yes_amazing"
"38","social","3","yes_amazing"
"38","informative","0","yes_terrible"
"38","informative","1","not_bad"
"38","informative","2","yes_good"
"38","informative","3","yes_amazing"
"50","informative","1","yes_bad"
"50","informative","2","yes_good"
"50","informative","3","yes_amazing"
"50","informative","0","yes_terrible"
"50","social","1","yes_good"
"50","social","2","yes_good"
"50","social","3","yes_amazing"
"50","social","0","not_terrible"
"50","both","1","not_terrible"
"50","both","2","yes_good"
"50","both","3","yes_amazing"
"50","both","0","not_bad"
"51","social","3","yes_amazing"
"51","social","1","yes_good"
"51","social","0","not_bad"
"51","social","2","yes_good"
"51","both","3","yes_amazing"
"51","both","1","not_bad"
"51","both","0","yes_bad"
"51","both","2","yes_good"
"51","informative","3","yes_amazing"
"51","informative","1","yes_bad"
"51","informative","0","yes_terrible"
"51","informative","2","yes_good"
"56","both","1","yes_good"
"56","both","0","not_bad"
"56","both","3","yes_amazing"
"56","both","2","yes_good"
"56","informative","1","not_bad"
"56","informative","0","not_terrible"
"56","informative","3","yes_amazing"
"56","informative","2","yes_good"
"56","social","1","yes_good"
"56","social","0","not_bad"
"56","social","3","yes_amazing"
"56","social","2","yes_amazing"
"57","social","2","yes_good"
"57","social","3","yes_amazing"
"57","social","0","yes_good"
"57","social","1","yes_good"
"57","both","2","yes_good"
"57","both","3","yes_amazing"
"57","both","0","yes_good"
"57","both","1","yes_good"
"57","informative","2","yes_good"
"57","informative","3","yes_amazing"
"57","informative","0","yes_bad"
"57","informative","1","yes_good"
"58","social","3","yes_amazing"
"58","social","1","yes_amazing"
"58","social","2","yes_amazing"
"58","social","0","yes_amazing"
"58","both","3","yes_amazing"
"58","both","1","not_bad"
"58","both","2","yes_good"
"58","both","0","not_terrible"
"58","informative","3","yes_amazing"
"58","informative","1","yes_bad"
"58","informative","2","yes_good"
"58","informative","0","yes_terrible"
"59","both","2","yes_good"
"59","both","1","not_terrible"
"59","both","3","yes_amazing"
"59","both","0","not_amazing"
"59","informative","2","yes_good"
"59","informative","1","not_terrible"
"59","informative","3","yes_amazing"
"59","informative","0","not_amazing"
"59","social","2","yes_good"
"59","social","1","not_amazing"
"59","social","3","yes_amazing"
"59","social","0","not_amazing"
"61","social","1","yes_amazing"
"61","social","3","yes_amazing"
"61","social","2","yes_good"
"61","social","0","not_bad"
"61","both","1","not_bad"
"61","both","3","yes_amazing"
"61","both","2","yes_good"
"61","both","0","yes_good"
"61","informative","1","not_amazing"
"61","informative","3","yes_amazing"
"61","informative","2","not_bad"
"61","informative","0","yes_terrible"
"66","both","3","yes_amazing"
"66","both","0","not_bad"
"66","both","1","not_bad"
"66","both","2","yes_good"
"66","social","3","yes_amazing"
"66","social","0","not_terrible"
"66","social","1","not_bad"
"66","social","2","yes_good"
"66","informative","3","yes_good"
"66","informative","0","yes_bad"
"66","informative","1","not_good"
"66","informative","2","yes_good"
"71","informative","1","not_terrible"
"71","informative","3","yes_amazing"
"71","informative","0","yes_bad"
"71","informative","2","yes_good"
"71","social","1","not_bad"
"71","social","3","yes_amazing"
"71","social","0","not_terrible"
"71","social","2","yes_good"
"71","both","1","not_good"
"71","both","3","yes_amazing"
"71","both","0","yes_terrible"
"71","both","2","yes_good"
"80","both","3","yes_amazing"
"80","both","2","yes_good"
"80","both","0","not_amazing"
"80","both","1","not_terrible"
"80","informative","3","yes_amazing"
"80","informative","2","yes_good"
"80","informative","0","yes_terrible"
"80","informative","1","yes_bad"
"80","social","3","yes_amazing"
"80","social","2","yes_good"
"80","social","0","yes_good"
"80","social","1","yes_amazing"
"83","informative","2","yes_good"
"83","informative","1","yes_bad"
"83","informative","0","yes_terrible"
"83","informative","3","yes_amazing"
"83","social","2","yes_amazing"
"83","social","1","yes_good"
"83","social","0","yes_good"
"83","social","3","yes_amazing"
"83","both","2","yes_good"
"83","both","1","not_amazing"
"83","both","0","not_amazing"
"83","both","3","yes_amazing"
"85","social","1","yes_amazing"
"85","social","3","yes_amazing"
"85","social","2","yes_good"
"85","social","0","not_bad"
"85","both","1","not_bad"
"85","both","3","yes_amazing"
"85","both","2","yes_good"
"85","both","0","not_bad"
"85","informative","1","yes_bad"
"85","informative","3","yes_amazing"
"85","informative","2","yes_good"
"85","informative","0","yes_terrible"
"90","both","0","not_amazing"
"90","both","2","yes_good"
"90","both","1","not_amazing"
"90","both","3","yes_amazing"
"90","informative","0","yes_terrible"
"90","informative","2","yes_good"
"90","informative","1","yes_bad"
"90","informative","3","yes_good"
"90","social","0","yes_good"
"90","social","2","yes_amazing"
"90","social","1","yes_good"
"90","social","3","yes_amazing"
"91","social","0","yes_amazing"
"91","social","1","yes_good"
"91","social","3","yes_amazing"
"91","social","2","yes_good"
"91","both","0","not_bad"
"91","both","1","not_bad"
"91","both","3","yes_amazing"
"91","both","2","yes_good"
"91","informative","0","not_terrible"
"91","informative","1","not_bad"
"91","informative","3","yes_amazing"
"91","informative","2","yes_good"
"92","informative","0","not_good"
"92","informative","3","yes_amazing"
"92","informative","1","yes_bad"
"92","informative","2","yes_good"
"92","both","0","not_terrible"
"92","both","3","yes_amazing"
"92","both","1","yes_good"
"92","both","2","yes_good"
"92","social","0","yes_terrible"
"92","social","3","yes_amazing"
"92","social","1","yes_good"
"92","social","2","yes_good"
"93","informative","1","yes_bad"
"93","informative","3","yes_amazing"
"93","informative","0","yes_terrible"
"93","informative","2","yes_good"
"93","social","1","not_terrible"
"93","social","3","yes_amazing"
"93","social","0","not_amazing"
"93","social","2","yes_good"
"93","both","1","not_bad"
"93","both","3","yes_amazing"
"93","both","0","not_bad"
"93","both","2","yes_good"
"94","social","3","yes_good"
"94","social","0","not_terrible"
"94","social","1","not_bad"
"94","social","2","yes_good"
"94","informative","3","yes_amazing"
"94","informative","0","yes_terrible"
"94","informative","1","not_terrible"
"94","informative","2","yes_good"
"94","both","3","yes_amazing"
"94","both","0","not_terrible"
"94","both","1","not_bad"
"94","both","2","yes_good"
"96","both","3","yes_amazing"
"96","both","1","not_good"
"96","both","2","yes_good"
"96","both","0","yes_terrible"
"96","social","3","yes_amazing"
"96","social","1","yes_good"
"96","social","2","yes_good"
"96","social","0","not_terrible"
"96","informative","3","yes_amazing"
"96","informative","1","yes_terrible"
"96","informative","2","yes_good"
"96","informative","0","yes_terrible"
"97","social","2","yes_amazing"
"97","social","3","yes_amazing"
"97","social","1","yes_amazing"
"97","social","0","yes_amazing"
"97","informative","2","yes_good"
"97","informative","3","yes_amazing"
"97","informative","1","yes_bad"
"97","informative","0","yes_terrible"
"97","both","2","yes_good"
"97","both","3","yes_amazing"
"97","both","1","not_terrible"
"97","both","0","not_amazing"
"99","both","0","not_terrible"
"99","both","3","yes_amazing"
"99","both","2","yes_good"
"99","both","1","not_bad"
"99","informative","0","not_terrible"
"99","informative","3","yes_amazing"
"99","informative","2","yes_good"
"99","informative","1","not_bad"
"99","social","0","not_terrible"
"99","social","3","yes_amazing"
"99","social","2","yes_amazing"
"99","social","1","yes_amazing"
"103","both","1","not_bad"
"103","both","2","yes_good"
"103","both","0","not_terrible"
"103","both","3","yes_amazing"
"103","social","1","yes_good"
"103","social","2","yes_amazing"
"103","social","0","yes_good"
"103","social","3","yes_amazing"
"103","informative","1","yes_bad"
"103","informative","2","yes_good"
"103","informative","0","yes_terrible"
"103","informative","3","yes_amazing"
"111","social","1","yes_good"
"111","social","3","yes_amazing"
"111","social","2","yes_amazing"
"111","social","0","not_bad"
"111","informative","1","yes_bad"
"111","informative","3","yes_amazing"
"111","informative","2","not_good"
"111","informative","0","not_good"
"111","both","1","not_terrible"
"111","both","3","yes_good"
"111","both","2","yes_good"
"111","both","0","not_terrible"
"113","both","2","not_terrible"
"113","both","3","yes_amazing"
"113","both","1","not_bad"
"113","both","0","not_terrible"
"113","informative","2","yes_good"
"113","informative","3","yes_amazing"
"113","informative","1","yes_terrible"
"113","informative","0","yes_terrible"
"113","social","2","yes_good"
"113","social","3","yes_amazing"
"113","social","1","yes_bad"
"113","social","0","not_terrible"
"119","social","1","not_good"
"119","social","0","not_good"
"119","social","2","not_terrible"
"119","social","3","yes_amazing"
"119","informative","1","not_amazing"
"119","informative","0","yes_terrible"
"119","informative","2","not_bad"
"119","informative","3","yes_amazing"
"119","both","1","not_good"
"119","both","0","yes_terrible"
"119","both","2","yes_amazing"
"119","both","3","yes_amazing"
"122","informative","3","yes_amazing"
"122","informative","2","yes_good"
"122","informative","1","not_good"
"122","informative","0","yes_terrible"
"122","social","3","yes_amazing"
"122","social","2","yes_good"
"122","social","1","yes_bad"
"122","social","0","not_terrible"
"122","both","3","yes_amazing"
"122","both","2","yes_good"
"122","both","1","not_good"
"122","both","0","yes_bad"
"129","social","2","yes_amazing"
"129","social","1","yes_amazing"
"129","social","3","yes_good"
"129","social","0","yes_amazing"
"129","both","2","yes_good"
"129","both","1","yes_good"
"129","both","3","yes_amazing"
"129","both","0","not_terrible"
"129","informative","2","not_bad"
"129","informative","1","yes_terrible"
"129","informative","3","yes_good"
"129","informative","0","yes_terrible"
"131","social","2","not_bad"
"131","social","0","not_terrible"
"131","social","1","not_terrible"
"131","social","3","yes_amazing"
"131","both","2","yes_good"
"131","both","0","yes_bad"
"131","both","1","yes_bad"
"131","both","3","yes_amazing"
"131","informative","2","yes_good"
"131","informative","0","yes_terrible"
"131","informative","1","yes_bad"
"131","informative","3","yes_good"
"135","informative","2","yes_good"
"135","informative","0","not_good"
"135","informative","3","yes_amazing"
"135","informative","1","yes_bad"
"135","both","2","yes_good"
"135","both","0","not_bad"
"135","both","3","yes_amazing"
"135","both","1","not_terrible"
"135","social","2","yes_amazing"
"135","social","0","not_bad"
"135","social","3","yes_amazing"
"135","social","1","not_terrible"
"137","both","0","not_good"
"137","both","1","not_terrible"
"137","both","3","yes_amazing"
"137","both","2","yes_good"
"137","social","0","not_terrible"
"137","social","1","not_bad"
"137","social","3","yes_amazing"
"137","social","2","yes_good"
"137","informative","0","yes_terrible"
"137","informative","1","yes_bad"
"137","informative","3","yes_amazing"
"137","informative","2","yes_good"
"144","informative","0","not_terrible"
"144","informative","1","yes_good"
"144","informative","2","yes_good"
"144","informative","3","yes_amazing"
"144","both","0","not_terrible"
"144","both","1","not_terrible"
"144","both","2","yes_good"
"144","both","3","yes_amazing"
"144","social","0","yes_good"
"144","social","1","yes_good"
"144","social","2","yes_good"
"144","social","3","yes_amazing"
"148","both","2","yes_good"
"148","both","3","yes_amazing"
"148","both","0","not_bad"
"148","both","1","not_bad"
"148","social","2","yes_amazing"
"148","social","3","yes_amazing"
"148","social","0","yes_good"
"148","social","1","yes_good"
"148","informative","2","yes_good"
"148","informative","3","yes_amazing"
"148","informative","0","yes_bad"
"148","informative","1","not_terrible"
"150","social","0","yes_good"
"150","social","2","yes_good"
"150","social","1","yes_good"
"150","social","3","yes_amazing"
"150","both","0","not_amazing"
"150","both","2","yes_good"
"150","both","1","not_bad"
"150","both","3","yes_amazing"
"150","informative","0","yes_terrible"
"150","informative","2","yes_good"
"150","informative","1","not_terrible"
"150","informative","3","yes_amazing"
"154","social","2","yes_amazing"
"154","social","0","yes_amazing"
"154","social","3","yes_amazing"
"154","social","1","yes_amazing"
"154","informative","2","yes_amazing"
"154","informative","0","yes_terrible"
"154","informative","3","yes_amazing"
"154","informative","1","yes_bad"
"154","both","2","yes_good"
"154","both","0","not_bad"
"154","both","3","yes_amazing"
"154","both","1","yes_good"
"156","both","2","yes_good"
"156","both","3","yes_good"
"156","both","1","not_terrible"
"156","both","0","not_bad"
"156","social","2","yes_amazing"
"156","social","3","yes_amazing"
"156","social","1","yes_good"
"156","social","0","not_bad"
"156","informative","2","yes_good"
"156","informative","3","yes_amazing"
"156","informative","1","not_terrible"
"156","informative","0","yes_bad"
"157","both","3","yes_amazing"
"157","both","1","yes_bad"
"157","both","2","yes_good"
"157","both","0","yes_terrible"
"157","informative","3","yes_amazing"
"157","informative","1","yes_bad"
"157","informative","2","yes_good"
"157","informative","0","yes_terrible"
"157","social","3","yes_amazing"
"157","social","1","yes_bad"
"157","social","2","yes_good"
"157","social","0","yes_terrible"
"161","both","2","yes_good"
"161","both","1","not_bad"
"161","both","3","yes_amazing"
"161","both","0","not_terrible"
"161","informative","2","yes_good"
"161","informative","1","yes_bad"
"161","informative","3","yes_amazing"
"161","informative","0","yes_terrible"
"161","social","2","yes_good"
"161","social","1","not_bad"
"161","social","3","yes_amazing"
"161","social","0","not_bad"
"169","informative","0","yes_terrible"
"169","informative","1","not_good"
"169","informative","2","yes_good"
"169","informative","3","yes_amazing"
"169","both","0","not_good"
"169","both","1","not_terrible"
"169","both","2","yes_good"
"169","both","3","yes_amazing"
"169","social","0","not_terrible"
"169","social","1","yes_good"
"169","social","2","yes_good"
"169","social","3","yes_amazing"
"172","informative","0","yes_terrible"
"172","informative","2","not_bad"
"172","informative","1","yes_bad"
"172","informative","3","yes_amazing"
"172","social","0","not_bad"
"172","social","2","yes_good"
"172","social","1","not_bad"
"172","social","3","yes_amazing"
"172","both","0","not_bad"
"172","both","2","yes_good"
"172","both","1","not_bad"
"172","both","3","yes_amazing"
"174","social","0","yes_good"
"174","social","3","yes_amazing"
"174","social","2","yes_good"
"174","social","1","not_bad"
"174","informative","0","not_good"
"174","informative","3","yes_amazing"
"174","informative","2","yes_good"
"174","informative","1","not_good"
"174","both","0","yes_bad"
"174","both","3","yes_amazing"
"174","both","2","yes_good"
"174","both","1","not_good"
"175","social","0","not_bad"
"175","social","2","yes_amazing"
"175","social","1","yes_amazing"
"175","social","3","yes_amazing"
"175","both","0","not_good"
"175","both","2","yes_good"
"175","both","1","not_terrible"
"175","both","3","yes_amazing"
"175","informative","0","yes_bad"
"175","informative","2","yes_good"
"175","informative","1","not_good"
"175","informative","3","yes_amazing"
"180","informative","3","not_bad"
"180","informative","2","not_terrible"
"180","informative","0","not_bad"
"180","informative","1","not_bad"
"180","social","3","yes_amazing"
"180","social","2","yes_good"
"180","social","0","not_bad"
"180","social","1","not_bad"
"180","both","3","yes_good"
"180","both","2","yes_good"
"180","both","0","not_bad"
"180","both","1","not_bad"
"187","social","1","not_bad"
"187","social","0","not_amazing"
"187","social","3","yes_amazing"
"187","social","2","yes_good"
"187","both","1","not_bad"
"187","both","0","not_amazing"
"187","both","3","yes_amazing"
"187","both","2","yes_good"
"187","informative","1","not_bad"
"187","informative","0","not_amazing"
"187","informative","3","yes_amazing"
"187","informative","2","yes_good"
"188","both","0","not_terrible"
"188","both","3","yes_amazing"
"188","both","1","not_bad"
"188","both","2","yes_good"
"188","informative","0","yes_terrible"
"188","informative","3","yes_amazing"
"188","informative","1","not_bad"
"188","informative","2","yes_good"
"188","social","0","yes_good"
"188","social","3","yes_amazing"
"188","social","1","yes_good"
"188","social","2","yes_amazing"
"192","social","3","yes_amazing"
"192","social","2","yes_amazing"
"192","social","0","not_bad"
"192","social","1","not_bad"
"192","both","3","yes_amazing"
"192","both","2","yes_good"
"192","both","0","not_terrible"
"192","both","1","not_terrible"
"192","informative","3","yes_good"
"192","informative","2","yes_good"
"192","informative","0","yes_terrible"
"192","informative","1","not_good"
"1","both","2","yes_good"
"1","both","0","not_amazing"
"1","both","1","yes_bad"
"1","both","3","yes_amazing"
"1","informative","2","yes_good"
"1","informative","0","yes_terrible"
"1","informative","1","not_good"
"1","informative","3","yes_amazing"
"1","social","2","yes_good"
"1","social","0","not_terrible"
"1","social","1","not_terrible"
"1","social","3","yes_amazing"
"3","informative","2","yes_good"
"3","informative","0","yes_terrible"
"3","informative","1","yes_bad"
"3","informative","3","yes_amazing"
"3","both","2","yes_good"
"3","both","0","yes_terrible"
"3","both","1","yes_bad"
"3","both","3","yes_amazing"
"3","social","2","yes_good"
"3","social","0","yes_terrible"
"3","social","1","yes_bad"
"3","social","3","yes_amazing"
"4","informative","2","yes_good"
"4","informative","3","yes_amazing"
"4","informative","0","not_good"
"4","informative","1","not_bad"
"4","social","2","yes_good"
"4","social","3","yes_amazing"
"4","social","0","not_good"
"4","social","1","not_bad"
"4","both","2","yes_good"
"4","both","3","yes_amazing"
"4","both","0","not_terrible"
"4","both","1","not_bad"
"6","informative","3","yes_amazing"
"6","informative","2","yes_good"
"6","informative","1","not_terrible"
"6","informative","0","yes_terrible"
"6","both","3","yes_amazing"
"6","both","2","yes_good"
"6","both","1","not_terrible"
"6","both","0","yes_bad"
"6","social","3","yes_amazing"
"6","social","2","yes_amazing"
"6","social","1","not_bad"
"6","social","0","not_bad"
"10","both","3","yes_amazing"
"10","both","0","not_terrible"
"10","both","2","yes_good"
"10","both","1","not_bad"
"10","social","3","yes_amazing"
"10","social","0","yes_good"
"10","social","2","yes_amazing"
"10","social","1","yes_good"
"10","informative","3","yes_amazing"
"10","informative","0","not_good"
"10","informative","2","yes_good"
"10","informative","1","not_terrible"
"17","informative","3","yes_amazing"
"17","informative","2","yes_good"
"17","informative","0","not_terrible"
"17","informative","1","not_bad"
"17","both","3","yes_amazing"
"17","both","2","yes_good"
"17","both","0","yes_terrible"
"17","both","1","not_terrible"
"17","social","3","yes_amazing"
"17","social","2","yes_good"
"17","social","0","yes_terrible"
"17","social","1","not_terrible"
"23","social","3","yes_amazing"
"23","social","1","not_good"
"23","social","0","yes_terrible"
"23","social","2","yes_good"
"23","informative","3","yes_amazing"
"23","informative","1","yes_bad"
"23","informative","0","yes_terrible"
"23","informative","2","yes_good"
"23","both","3","yes_amazing"
"23","both","1","yes_bad"
"23","both","0","yes_terrible"
"23","both","2","yes_good"
"26","informative","3","yes_amazing"
"26","informative","1","not_bad"
"26","informative","0","yes_terrible"
"26","informative","2","yes_good"
"26","both","3","yes_amazing"
"26","both","1","not_terrible"
"26","both","0","not_terrible"
"26","both","2","yes_good"
"26","social","3","yes_amazing"
"26","social","1","yes_good"
"26","social","0","yes_good"
"26","social","2","yes_good"
"29","social","0","yes_amazing"
"29","social","1","yes_good"
"29","social","3","yes_amazing"
"29","social","2","yes_amazing"
"29","both","0","not_bad"
"29","both","1","yes_good"
"29","both","3","yes_amazing"
"29","both","2","yes_good"
"29","informative","0","yes_terrible"
"29","informative","1","yes_bad"
"29","informative","3","yes_amazing"
"29","informative","2","yes_good"
"30","informative","1","not_good"
"30","informative","2","yes_good"
"30","informative","0","yes_bad"
"30","informative","3","yes_amazing"
"30","both","1","not_good"
"30","both","2","yes_good"
"30","both","0","not_terrible"
"30","both","3","yes_amazing"
"30","social","1","yes_amazing"
"30","social","2","yes_amazing"
"30","social","0","yes_amazing"
"30","social","3","yes_amazing"
"35","both","1","not_terrible"
"35","both","3","yes_amazing"
"35","both","2","yes_good"
"35","both","0","not_terrible"
"35","informative","1","not_amazing"
"35","informative","3","yes_good"
"35","informative","2","yes_good"
"35","informative","0","yes_terrible"
"35","social","1","not_bad"
"35","social","3","yes_amazing"
"35","social","2","yes_good"
"35","social","0","not_terrible"
"40","social","3","yes_amazing"
"40","social","2","not_bad"
"40","social","0","not_terrible"
"40","social","1","not_bad"
"40","informative","3","yes_amazing"
"40","informative","2","yes_good"
"40","informative","0","yes_terrible"
"40","informative","1","not_good"
"40","both","3","yes_amazing"
"40","both","2","yes_good"
"40","both","0","not_terrible"
"40","both","1","yes_good"
"41","both","2","yes_good"
"41","both","3","yes_amazing"
"41","both","0","not_terrible"
"41","both","1","yes_good"
"41","social","2","yes_amazing"
"41","social","3","yes_amazing"
"41","social","0","yes_good"
"41","social","1","yes_good"
"41","informative","2","yes_good"
"41","informative","3","yes_amazing"
"41","informative","0","yes_terrible"
"41","informative","1","yes_bad"
"42","informative","2","yes_good"
"42","informative","0","not_good"
"42","informative","3","yes_amazing"
"42","informative","1","not_good"
"42","social","2","yes_good"
"42","social","0","not_terrible"
"42","social","3","yes_amazing"
"42","social","1","not_bad"
"42","both","2","yes_good"
"42","both","0","not_terrible"
"42","both","3","yes_amazing"
"42","both","1","not_bad"
"44","social","2","not_bad"
"44","social","0","not_terrible"
"44","social","1","yes_good"
"44","social","3","yes_amazing"
"44","both","2","yes_good"
"44","both","0","not_terrible"
"44","both","1","yes_good"
"44","both","3","yes_amazing"
"44","informative","2","not_bad"
"44","informative","0","yes_terrible"
"44","informative","1","yes_bad"
"44","informative","3","yes_amazing"
"60","informative","0","yes_terrible"
"60","informative","3","yes_good"
"60","informative","1","yes_bad"
"60","informative","2","yes_good"
"60","social","0","yes_good"
"60","social","3","yes_good"
"60","social","1","yes_good"
"60","social","2","yes_good"
"60","both","0","yes_bad"
"60","both","3","yes_good"
"60","both","1","yes_bad"
"60","both","2","yes_good"
"67","both","2","yes_good"
"67","both","3","yes_amazing"
"67","both","0","not_good"
"67","both","1","not_amazing"
"67","informative","2","yes_good"
"67","informative","3","yes_amazing"
"67","informative","0","yes_terrible"
"67","informative","1","yes_bad"
"67","social","2","yes_good"
"67","social","3","yes_amazing"
"67","social","0","not_bad"
"67","social","1","not_amazing"
"73","informative","2","yes_good"
"73","informative","0","yes_bad"
"73","informative","1","not_good"
"73","informative","3","yes_amazing"
"73","social","2","not_bad"
"73","social","0","not_amazing"
"73","social","1","yes_bad"
"73","social","3","yes_amazing"
"73","both","2","yes_good"
"73","both","0","yes_terrible"
"73","both","1","not_good"
"73","both","3","yes_amazing"
"77","informative","0","yes_terrible"
"77","informative","1","yes_bad"
"77","informative","2","not_bad"
"77","informative","3","yes_amazing"
"77","social","0","yes_amazing"
"77","social","1","yes_amazing"
"77","social","2","yes_amazing"
"77","social","3","yes_amazing"
"77","both","0","not_bad"
"77","both","1","not_bad"
"77","both","2","yes_good"
"77","both","3","yes_amazing"
"78","both","3","yes_amazing"
"78","both","0","not_bad"
"78","both","2","not_bad"
"78","both","1","not_good"
"78","informative","3","yes_terrible"
"78","informative","0","yes_terrible"
"78","informative","2","yes_bad"
"78","informative","1","yes_bad"
"78","social","3","yes_good"
"78","social","0","yes_good"
"78","social","2","yes_good"
"78","social","1","yes_good"
"79","both","1","yes_good"
"79","both","0","yes_good"
"79","both","3","yes_amazing"
"79","both","2","yes_good"
"79","social","1","yes_amazing"
"79","social","0","yes_amazing"
"79","social","3","yes_amazing"
"79","social","2","yes_amazing"
"79","informative","1","not_bad"
"79","informative","0","not_terrible"
"79","informative","3","yes_amazing"
"79","informative","2","yes_good"
"82","informative","3","yes_amazing"
"82","informative","1","not_good"
"82","informative","2","not_bad"
"82","informative","0","yes_terrible"
"82","both","3","yes_amazing"
"82","both","1","not_amazing"
"82","both","2","yes_good"
"82","both","0","not_good"
"82","social","3","yes_amazing"
"82","social","1","not_terrible"
"82","social","2","yes_good"
"82","social","0","not_amazing"
"86","social","1","yes_good"
"86","social","2","yes_good"
"86","social","3","yes_amazing"
"86","social","0","yes_good"
"86","informative","1","not_good"
"86","informative","2","yes_good"
"86","informative","3","yes_amazing"
"86","informative","0","yes_terrible"
"86","both","1","not_terrible"
"86","both","2","yes_good"
"86","both","3","yes_amazing"
"86","both","0","not_terrible"
"88","informative","2","yes_good"
"88","informative","1","yes_bad"
"88","informative","0","not_good"
"88","informative","3","yes_amazing"
"88","social","2","yes_good"
"88","social","1","not_terrible"
"88","social","0","yes_bad"
"88","social","3","yes_amazing"
"88","both","2","yes_good"
"88","both","1","not_terrible"
"88","both","0","yes_bad"
"88","both","3","yes_amazing"
"98","both","1","not_good"
"98","both","3","yes_amazing"
"98","both","2","yes_good"
"98","both","0","yes_terrible"
"98","social","1","yes_good"
"98","social","3","yes_amazing"
"98","social","2","yes_good"
"98","social","0","yes_terrible"
"98","informative","1","not_amazing"
"98","informative","3","yes_amazing"
"98","informative","2","yes_good"
"98","informative","0","yes_terrible"
"101","social","2","yes_amazing"
"101","social","0","yes_good"
"101","social","1","yes_good"
"101","social","3","yes_amazing"
"101","informative","2","yes_good"
"101","informative","0","not_good"
"101","informative","1","not_good"
"101","informative","3","yes_amazing"
"101","both","2","yes_good"
"101","both","0","not_bad"
"101","both","1","yes_good"
"101","both","3","yes_amazing"
"109","both","2","not_bad"
"109","both","3","yes_amazing"
"109","both","0","not_terrible"
"109","both","1","not_terrible"
"109","social","2","yes_good"
"109","social","3","yes_amazing"
"109","social","0","not_bad"
"109","social","1","not_bad"
"109","informative","2","not_bad"
"109","informative","3","yes_good"
"109","informative","0","yes_terrible"
"109","informative","1","yes_bad"
"110","informative","3","yes_amazing"
"110","informative","0","yes_terrible"
"110","informative","2","yes_good"
"110","informative","1","yes_bad"
"110","both","3","yes_amazing"
"110","both","0","not_good"
"110","both","2","yes_good"
"110","both","1","not_bad"
"110","social","3","yes_amazing"
"110","social","0","not_bad"
"110","social","2","yes_good"
"110","social","1","not_terrible"
"112","both","3","yes_amazing"
"112","both","0","yes_good"
"112","both","1","not_terrible"
"112","both","2","yes_good"
"112","social","3","yes_amazing"
"112","social","0","yes_amazing"
"112","social","1","yes_amazing"
"112","social","2","yes_amazing"
"112","informative","3","yes_good"
"112","informative","0","yes_terrible"
"112","informative","1","not_bad"
"112","informative","2","yes_bad"
"114","both","2","not_bad"
"114","both","3","yes_amazing"
"114","both","0","not_terrible"
"114","both","1","not_terrible"
"114","informative","2","not_bad"
"114","informative","3","yes_amazing"
"114","informative","0","not_terrible"
"114","informative","1","not_terrible"
"114","social","2","yes_good"
"114","social","3","yes_amazing"
"114","social","0","not_terrible"
"114","social","1","yes_good"
"116","social","0","not_good"
"116","social","1","yes_bad"
"116","social","3","yes_amazing"
"116","social","2","not_amazing"
"116","both","0","not_good"
"116","both","1","not_amazing"
"116","both","3","yes_amazing"
"116","both","2","yes_good"
"116","informative","0","not_good"
"116","informative","1","yes_bad"
"116","informative","3","yes_amazing"
"116","informative","2","yes_good"
"118","informative","3","yes_good"
"118","informative","0","not_good"
"118","informative","1","not_bad"
"118","informative","2","yes_good"
"118","both","3","yes_amazing"
"118","both","0","not_amazing"
"118","both","1","yes_good"
"118","both","2","yes_good"
"118","social","3","yes_amazing"
"118","social","0","not_terrible"
"118","social","1","yes_good"
"118","social","2","yes_amazing"
"124","informative","2","yes_good"
"124","informative","1","not_bad"
"124","informative","3","yes_amazing"
"124","informative","0","yes_terrible"
"124","both","2","yes_good"
"124","both","1","not_bad"
"124","both","3","yes_amazing"
"124","both","0","not_terrible"
"124","social","2","yes_good"
"124","social","1","yes_good"
"124","social","3","yes_amazing"
"124","social","0","yes_good"
"125","both","0","yes_good"
"125","both","2","yes_good"
"125","both","3","yes_amazing"
"125","both","1","not_bad"
"125","social","0","yes_terrible"
"125","social","2","yes_good"
"125","social","3","yes_amazing"
"125","social","1","not_bad"
"125","informative","0","yes_terrible"
"125","informative","2","yes_good"
"125","informative","3","yes_amazing"
"125","informative","1","not_bad"
"133","both","3","yes_amazing"
"133","both","2","yes_good"
"133","both","1","not_terrible"
"133","both","0","not_amazing"
"133","informative","3","yes_amazing"
"133","informative","2","yes_good"
"133","informative","1","not_good"
"133","informative","0","yes_terrible"
"133","social","3","yes_amazing"
"133","social","2","yes_amazing"
"133","social","1","yes_good"
"133","social","0","yes_good"
"134","informative","2","yes_good"
"134","informative","1","yes_bad"
"134","informative","0","yes_terrible"
"134","informative","3","yes_amazing"
"134","both","2","yes_good"
"134","both","1","yes_bad"
"134","both","0","yes_terrible"
"134","both","3","yes_amazing"
"134","social","2","yes_good"
"134","social","1","not_bad"
"134","social","0","not_terrible"
"134","social","3","yes_amazing"
"138","informative","0","not_good"
"138","informative","2","not_amazing"
"138","informative","1","not_bad"
"138","informative","3","yes_amazing"
"138","social","0","not_terrible"
"138","social","2","yes_good"
"138","social","1","not_terrible"
"138","social","3","yes_amazing"
"138","both","0","not_terrible"
"138","both","2","yes_good"
"138","both","1","not_terrible"
"138","both","3","yes_amazing"
"141","both","2","not_amazing"
"141","both","1","not_good"
"141","both","0","yes_bad"
"141","both","3","yes_amazing"
"141","informative","2","not_amazing"
"141","informative","1","yes_bad"
"141","informative","0","yes_terrible"
"141","informative","3","yes_amazing"
"141","social","2","yes_good"
"141","social","1","not_terrible"
"141","social","0","not_amazing"
"141","social","3","yes_amazing"
"145","social","0","not_bad"
"145","social","3","yes_amazing"
"145","social","1","yes_good"
"145","social","2","yes_good"
"145","informative","0","not_terrible"
"145","informative","3","yes_amazing"
"145","informative","1","yes_good"
"145","informative","2","yes_good"
"145","both","0","not_terrible"
"145","both","3","yes_amazing"
"145","both","1","not_bad"
"145","both","2","yes_good"
"146","social","2","yes_good"
"146","social","3","yes_amazing"
"146","social","1","not_terrible"
"146","social","0","yes_terrible"
"146","informative","2","not_bad"
"146","informative","3","yes_amazing"
"146","informative","1","yes_bad"
"146","informative","0","not_amazing"
"146","both","2","yes_good"
"146","both","3","yes_amazing"
"146","both","1","not_good"
"146","both","0","yes_terrible"
"149","social","0","yes_good"
"149","social","2","yes_good"
"149","social","3","yes_amazing"
"149","social","1","not_good"
"149","both","0","yes_bad"
"149","both","2","yes_good"
"149","both","3","yes_amazing"
"149","both","1","not_bad"
"149","informative","0","yes_bad"
"149","informative","2","yes_good"
"149","informative","3","yes_good"
"149","informative","1","not_bad"
"158","informative","2","yes_good"
"158","informative","1","yes_bad"
"158","informative","0","yes_terrible"
"158","informative","3","yes_amazing"
"158","both","2","yes_good"
"158","both","1","not_bad"
"158","both","0","not_bad"
"158","both","3","yes_amazing"
"158","social","2","yes_good"
"158","social","1","not_bad"
"158","social","0","yes_good"
"158","social","3","yes_amazing"
"165","both","2","yes_good"
"165","both","3","yes_amazing"
"165","both","0","not_terrible"
"165","both","1","not_bad"
"165","informative","2","yes_good"
"165","informative","3","yes_amazing"
"165","informative","0","yes_bad"
"165","informative","1","not_terrible"
"165","social","2","yes_good"
"165","social","3","yes_amazing"
"165","social","0","yes_good"
"165","social","1","yes_good"
"168","informative","0","yes_terrible"
"168","informative","2","yes_good"
"168","informative","1","yes_bad"
"168","informative","3","not_terrible"
"168","social","0","not_bad"
"168","social","2","yes_good"
"168","social","1","not_terrible"
"168","social","3","yes_amazing"
"168","both","0","not_terrible"
"168","both","2","yes_good"
"168","both","1","not_terrible"
"168","both","3","yes_amazing"
"170","informative","2","yes_good"
"170","informative","3","yes_amazing"
"170","informative","0","yes_terrible"
"170","informative","1","not_good"
"170","social","2","yes_good"
"170","social","3","yes_amazing"
"170","social","0","yes_terrible"
"170","social","1","not_good"
"170","both","2","not_bad"
"170","both","3","yes_amazing"
"170","both","0","not_good"
"170","both","1","not_terrible"
"181","both","0","not_amazing"
"181","both","2","not_bad"
"181","both","1","not_terrible"
"181","both","3","yes_amazing"
"181","social","0","yes_good"
"181","social","2","yes_amazing"
"181","social","1","yes_good"
"181","social","3","yes_amazing"
"181","informative","0","yes_terrible"
"181","informative","2","yes_good"
"181","informative","1","yes_bad"
"181","informative","3","yes_amazing"
"189","informative","1","not_good"
"189","informative","2","not_bad"
"189","informative","3","yes_amazing"
"189","informative","0","yes_terrible"
"189","both","1","not_terrible"
"189","both","2","yes_good"
"189","both","3","yes_amazing"
"189","both","0","not_terrible"
"189","social","1","not_bad"
"189","social","2","yes_good"
"189","social","3","yes_amazing"
"189","social","0","not_bad"
"193","informative","1","not_bad"
"193","informative","3","yes_amazing"
"193","informative","2","yes_good"
"193","informative","0","yes_terrible"
"193","both","1","not_bad"
"193","both","3","yes_amazing"
"193","both","2","yes_good"
"193","both","0","yes_bad"
"193","social","1","yes_amazing"
"193","social","3","yes_amazing"
"193","social","2","yes_amazing"
"193","social","0","yes_good"
"195","social","0","yes_amazing"
"195","social","3","yes_amazing"
"195","social","2","yes_good"
"195","social","1","yes_good"
"195","both","0","not_bad"
"195","both","3","yes_good"
"195","both","2","not_terrible"
"195","both","1","not_terrible"
"195","informative","0","not_good"
"195","informative","3","yes_good"
"195","informative","2","yes_good"
"195","informative","1","not_amazing"
"201","social","1","yes_good"
"201","social","3","yes_amazing"
"201","social","0","not_bad"
"201","social","2","yes_good"
"201","both","1","not_bad"
"201","both","3","yes_amazing"
"201","both","0","not_bad"
"201","both","2","yes_good"
"201","informative","1","yes_bad"
"201","informative","3","yes_amazing"
"201","informative","0","yes_terrible"
"201","informative","2","yes_good"
